XFF,Count
100.1.31.146,1
100.25.187.97,1
100.30.211.142,1
100.37.108.183,4
101.0.62.131,1
104.13.33.104,7
104.252.247.7,2
104.28.140.76,2
104.28.142.131,2
104.28.148.83,4
104.28.40.135,3
104.28.40.138,1
106.210.153.36,1
107.10.10.126,1
107.138.119.12,1
107.141.51.143,1
107.181.81.36,2
107.193.102.202,6
107.221.112.209,1
107.23.243.159,1
108.147.177.133,1
108.190.133.55,8
108.194.66.180,1
108.231.196.208,10
108.231.203.112,5
108.234.77.195,1
108.53.124.14,1
108.56.247.68,1
108.64.114.119,1
108.66.1.200,4
108.70.166.116,1
109.74.194.14,9
109.74.197.90,6
111.108.111.17,1
111.108.111.50,1
112.201.245.229,1
116.68.65.237,1
117.243.63.30,1
12.148.112.4,1
12.16.146.220,1
13.110.165.225,1
13.110.166.33,1
13.110.17.129,3
13.220.119.56,1
13.222.213.17,2
13.222.96.52,1
13.223.102.203,2
130.185.116.234,1
130.41.100.27,6
130.41.116.234,1
130.41.90.116,1
131.161.222.145,1
131.161.252.151,1
131.239.0.86,1
131.72.158.105,1
131.93.167.138,7
133.204.82.0,1
134.209.78.131,1
136.144.17.211,1
136.144.35.149,1
136.168.226.170,1
136.181.197.240,1
136.226.50.164,1
136.226.66.167,1
136.226.68.118,5
136.228.244.239,3
136.228.245.113,3
136.57.90.73,3
137.175.223.167,1
137.200.49.19,2
137.83.97.13,1
138.186.20.218,1
138.186.63.67,1
138.199.18.63,167
138.26.249.90,1
138.97.235.125,1
139.122.197.195,27
140.162.13.165,9
142.116.239.166,1
142.147.189.151,2
142.189.179.190,1
143.202.209.144,19
143.255.141.144,17
144.62.249.231,1
146.70.133.112,1
146.75.128.213,2
146.75.164.92,2
146.75.203.1,2
146.75.232.151,3
146.75.244.1,6
147.194.183.12,4
148.222.221.238,1
148.252.145.43,2
148.252.149.138,2
148.77.5.49,1
149.102.252.136,2
149.102.254.25,1
149.19.33.82,1
149.22.94.51,1
149.248.107.99,1
149.88.109.153,153
152.179.55.54,1
152.231.190.210,1
152.233.17.65,135
152.59.57.199,1
154.13.222.8,6
154.30.74.168,6
155.100.47.6,1
155.190.17.4,1
155.190.28.52,1
155.190.3.5,1
156.146.60.154,91
156.63.69.142,2
156.63.69.176,1
156.63.69.216,4
157.145.220.3,1
157.32.127.241,2
157.38.2.101,1
158.173.152.230,154
158.173.21.5,200
158.173.25.145,120
158.230.100.102,26
158.61.14.12,1
158.62.140.89,3
158.68.216.114,1
159.118.54.174,2
159.247.3.210,1
159.26.103.110,1
159.26.104.21,7
159.89.52.61,9
16.145.89.115,1
16.146.98.57,1
16.16.201.42,40
160.2.9.166,1
161.11.160.44,1
161.11.160.45,3
161.165.148.54,1
161.168.148.38,1
162.10.161.47,2
162.156.219.127,1
162.17.244.213,1
162.193.171.221,1
162.207.221.189,1
162.212.104.2,1
163.116.192.120,2
163.116.225.116,1
163.116.225.98,1
163.116.229.137,4
163.116.229.138,2
163.116.229.28,1
163.116.229.31,2
163.116.237.34,5
163.116.243.55,1
163.116.249.63,1
163.116.250.138,2
163.116.250.172,1
163.116.250.23,1
163.116.250.39,1
163.116.252.176,6
163.171.4.91,1
163.247.42.200,5
163.247.90.51,1
163.247.90.52,1
164.154.227.29,1
165.166.101.66,1
165.188.149.210,1
165.225.222.150,3
166.199.114.57,1
167.103.121.32,6
167.57.229.96,1
167.7.16.101,1
168.119.53.160,1
168.149.138.45,1
168.166.80.213,2
169.224.165.69,1
170.128.82.32,1
170.142.177.138,1
170.142.177.230,1
170.23.9.232,1
170.238.202.43,1
170.239.242.138,1
170.245.133.178,18
170.245.166.119,1
170.79.234.218,1
170.85.102.104,1
170.85.102.121,1
170.85.102.91,1
170.85.155.3,1
170.85.70.121,1
170.85.72.115,1
170.85.73.81,5
171.158.130.45,1
172.125.180.172,1
172.126.156.7,1
172.15.78.224,1
172.225.247.58,2
172.225.30.234,1
172.225.89.70,1
172.56.167.69,3
172.56.220.125,1
172.56.29.192,1
172.56.33.234,1
172.56.34.39,3
172.56.70.233,8
172.56.79.119,1
172.58.181.196,1
172.58.250.243,6
172.59.185.222,1
172.59.196.19,3
172.59.197.98,6
172.59.221.58,1
172.59.25.159,3
172.59.36.179,1
172.59.67.197,1
172.59.72.99,1
172.59.74.84,1
172.59.81.174,1
172.81.62.181,1
172.85.235.50,1
173.13.11.234,1
173.171.190.130,1
173.230.144.170,1
173.24.247.18,8
173.34.54.225,1
174.101.76.155,1
174.16.127.157,2
174.161.142.182,2
174.176.149.126,6
174.180.48.85,4
174.197.70.56,9
174.203.36.74,2
174.208.97.129,1
174.209.38.11,3
174.210.0.108,1
174.216.177.74,1
174.58.20.156,1
174.62.69.5,1
174.79.125.82,1
174.93.14.235,1
174.93.143.186,1
176.124.69.27,2
176.140.27.134,13
176.24.144.7,8
176.32.11.201,1
177.250.0.112,1
177.38.204.115,1
177.9.104.168,1
178.79.132.118,7
178.79.132.131,2
178.79.132.69,2
178.79.147.111,17
178.79.147.190,1
178.79.148.131,4
178.79.148.176,5
178.79.148.179,2
178.79.148.185,1
178.79.148.191,2
178.79.148.207,2
178.79.148.211,2
178.79.148.233,2
178.79.148.244,7
178.79.148.25,16
178.79.148.45,7
178.79.148.82,3
179.0.2.9,1
179.109.100.76,1
179.131.227.172,1
179.165.55.250,1
179.222.237.34,1
179.25.108.213,1
179.51.70.195,1
179.57.7.98,1
179.6.173.0,1
179.61.24.18,1
179.62.169.137,19
18.153.185.21,1
18.170.27.214,1
18.190.34.38,1
18.193.252.127,1
18.206.42.69,1
18.208.146.195,1
18.209.241.45,1
18.220.83.161,1
18.232.76.94,1
18.234.161.161,1
180.75.44.220,1
181.1.153.138,2
181.112.90.209,1
181.113.117.220,1
181.120.69.13,1
181.124.142.58,1
181.124.144.183,1
181.124.146.254,1
181.124.157.181,1
181.212.142.58,1
181.212.30.106,1
181.212.89.163,1
181.224.31.2,1
181.226.244.15,1
181.40.123.10,1
181.40.123.158,1
181.42.17.167,1
181.42.21.90,1
181.42.232.198,1
181.43.208.139,1
181.46.77.54,1
181.90.108.21,1
181.91.84.253,1
181.91.87.71,1
181.94.223.76,1
181.94.226.102,1
181.94.250.51,1
183.82.206.142,1
184.144.200.233,1
184.166.67.207,2
184.181.119.203,4
184.181.64.154,1
184.183.89.40,4
185.130.152.190,1
185.169.0.57,1
185.2.167.6,1
186.10.226.10,1
186.103.138.133,1
186.103.221.236,1
186.106.84.145,1
186.120.100.121,1
186.121.46.34,2
186.122.0.29,1
186.141.198.25,1
186.156.32.172,1
186.173.86.35,1
186.189.96.99,1
186.19.22.185,1
186.23.143.75,1
186.41.9.192,1
186.67.179.2,2
186.67.21.146,5
186.67.99.163,1
186.7.193.22,1
187.50.233.170,1
187.90.133.242,1
188.148.248.57,1
188.191.96.5,2
188.227.135.129,1
188.29.95.16,1
190.104.155.130,1
190.107.228.249,1
190.114.35.161,1
190.122.106.98,2
190.124.79.204,1
190.128.131.138,2
190.128.169.30,1
190.128.183.182,1
190.128.218.209,1
190.128.222.38,1
190.128.224.26,1
190.128.227.102,1
190.128.231.22,2
190.167.160.252,1
190.189.48.42,1
190.196.121.2,1
190.196.7.228,1
190.22.145.126,1
190.235.163.253,1
190.3.112.188,14
190.3.66.82,1
190.46.71.65,1
190.54.4.226,1
190.57.151.233,1
191.114.143.215,1
191.188.64.180,1
191.38.25.214,1
192.227.68.142,6
192.240.170.35,1
193.175.95.251,7
193.38.82.36,65
194.242.49.79,1
194.55.43.134,4
194.72.22.68,10
194.72.22.69,22
195.12.226.247,64
195.172.200.197,6
195.224.221.135,2
195.76.36.138,2
198.103.167.20,1
198.41.32.165,1
198.98.94.37,3
199.107.16.130,29
199.67.138.49,2
2.59.234.139,2
2.98.205.41,1
20.65.22.164,1
20.65.22.180,3
20.73.63.50,1
200.10.167.71,2
200.105.99.95,1
200.108.105.108,3
200.111.112.209,3
200.27.180.2,1
200.54.84.4,1
200.54.94.51,1
200.7.14.130,1
200.72.242.5,1
200.72.74.106,1
200.85.54.178,1
200.85.80.25,7
201.217.40.22,2
201.222.48.202,1
201.222.54.70,19
201.239.27.126,1
202.83.39.106,2
203.213.219.6,1
204.11.34.234,2
204.148.239.242,7
204.40.130.134,1
205.176.254.3,1
206.170.155.247,1
206.222.200.223,1
206.223.163.122,1
207.54.121.241,1
208.118.145.226,3
208.208.4.141,1
208.58.241.5,1
209.217.201.124,3
209.222.90.218,1
209.76.66.76,1
209.82.189.88,1
209.89.45.193,1
212.49.180.49,1
216.106.67.27,1
216.110.87.67,1
216.117.46.81,1
216.28.231.187,1
217.114.38.79,1
217.39.111.202,1
223.185.131.98,1
223.233.87.5,1
23.0.175.137,6
23.115.128.68,1
23.200.10.93,3
23.200.10.96,2
23.210.209.66,2
23.212.7.171,2
23.212.7.174,7
23.212.7.175,2
23.223.246.152,2
23.233.204.251,1
23.30.251.57,9
23.36.47.117,3
23.44.200.13,2
23.45.12.103,9
23.45.12.74,2
23.46.22.46,11
23.54.116.248,4
23.54.119.27,2
23.54.31.4,4
23.55.63.93,2
23.56.100.227,2
23.56.100.231,2
23.56.100.237,4
23.63.234.26,2
24.102.194.82,3
24.130.107.161,1
24.180.90.186,1
24.186.12.62,2
24.205.182.31,1
24.206.78.7,1
24.33.233.196,1
24.83.7.138,1
24.98.141.74,1
27.59.62.174,2
27.59.92.172,2
3.120.223.25,3
3.132.224.7,2
3.134.37.3,2
3.136.233.162,1
3.17.8.32,1
3.20.26.92,4
3.225.48.73,1
3.230.106.169,2
3.236.174.141,1
3.237.234.59,1
3.239.38.87,1
3.89.210.203,1
3.92.150.182,1
3.96.7.126,3
31.120.237.133,2
31.4.211.162,4
31.94.30.77,2
31.94.58.30,1
31.94.58.46,1
34.139.206.64,1
34.174.98.16,4
34.194.106.241,6
34.202.59.116,1
34.205.225.112,2
34.209.38.9,12
34.210.217.76,8
34.211.169.251,1
34.211.194.70,1
34.212.100.187,1
34.213.85.86,1
34.216.57.119,1
34.217.29.27,1
34.220.2.98,1
34.221.132.140,1
34.222.34.220,1
34.225.170.148,2
34.48.76.209,3
34.95.51.119,1
34.96.34.21,1
35.145.110.24,1
35.145.4.171,1
35.166.138.47,1
35.166.67.208,2
35.173.237.188,1
35.175.108.89,1
35.175.78.77,54
35.177.0.207,1
35.177.203.220,33
35.177.43.250,3
35.177.98.97,95
35.185.252.44,2
35.186.176.31,1
35.192.92.84,1
35.195.128.75,1
35.197.245.205,2
35.197.32.224,1
35.198.224.104,1
35.199.90.14,1
35.224.249.156,2
35.224.5.100,1
35.227.176.101,7
35.233.167.246,1
35.236.207.68,2
35.238.3.7,1
35.242.139.1,3
35.33.247.21,1
35.86.128.180,1
37.134.166.176,1
38.123.94.139,1
38.126.241.222,1
38.222.26.210,1
38.252.248.79,1
38.69.10.6,1
38.69.16.78,1
4.213.63.128,118
42.111.104.38,1
44.195.47.167,1
44.200.245.151,1
44.201.14.184,2
44.202.23.86,1
44.211.186.46,1
44.245.95.126,1
44.245.96.67,1
44.246.191.106,1
44.246.193.25,1
44.249.88.161,1
44.250.29.9,2
45.129.32.237,7
45.131.218.205,3
45.138.250.224,1
45.154.152.8,69
45.156.128.47,2
45.165.52.31,7
45.172.230.50,2
45.176.106.53,1
45.18.72.238,6
45.187.125.17,1
45.232.176.12,4
45.236.151.75,1
45.238.183.163,1
45.30.202.112,2
45.30.33.170,1
45.37.167.219,1
45.5.110.137,1
45.56.185.153,2
45.56.186.29,5
45.88.97.237,89
46.136.153.238,1
47.17.228.109,1
47.189.19.73,1
47.197.162.116,1
49.145.216.60,4
49.36.107.82,1
49.36.236.201,1
49.36.79.158,3
49.36.81.232,1
5.246.8.37,1
50.103.151.47,5
50.145.210.186,1
50.197.99.53,1
50.198.37.77,1
50.199.134.145,1
50.204.107.118,1
50.226.193.66,2
50.24.95.75,1
50.240.82.81,1
50.255.16.137,1
50.32.15.248,1
50.80.177.24,1
51.132.47.132,1
51.191.96.102,1
52.167.144.161,1
52.167.144.168,1
52.2.251.142,2
52.201.42.8,58
52.21.123.85,1
52.37.102.204,16
52.54.10.42,1
52.54.11.151,2
52.54.11.200,2
52.54.148.119,18
52.54.148.53,22
52.55.56.26,1
52.66.179.83,5
52.74.248.6,1
52.90.96.128,1
54.149.149.7,1
54.172.243.248,1
54.173.31.157,3
54.185.185.19,1
54.202.34.147,1
54.203.199.41,18
54.210.22.246,1
54.214.106.10,1
54.227.162.31,2
54.71.83.127,1
54.94.226.64,1
57.141.6.1,1
57.141.6.10,3
57.141.6.12,2
57.141.6.13,2
57.141.6.15,1
57.141.6.16,4
57.141.6.18,1
57.141.6.19,2
57.141.6.2,2
57.141.6.22,1
57.141.6.26,2
57.141.6.27,3
57.141.6.28,3
57.141.6.3,1
57.141.6.30,1
57.141.6.31,1
57.141.6.32,1
57.141.6.33,2
57.141.6.34,1
57.141.6.35,1
57.141.6.39,4
57.141.6.4,2
57.141.6.5,1
57.141.6.6,2
57.141.6.7,2
57.141.6.8,1
57.141.6.9,2
58.84.62.210,2
62.232.176.62,1
62.252.191.199,1
62.7.37.68,1
63.143.95.238,1
64.107.165.131,1
64.22.161.46,1
64.23.170.238,2
64.231.149.20,1
64.252.121.15,1
64.252.71.140,1
64.252.72.93,1
65.188.191.145,7
65.49.20.66,1
66.103.155.19,1
66.128.129.17,1
66.177.61.86,1
66.21.242.74,2
66.215.244.185,1
66.249.92.42,1
66.249.92.43,1
66.46.199.29,1
66.98.46.210,1
67.137.57.251,2
67.141.246.152,3
67.191.221.100,1
67.207.89.132,7
67.242.18.49,4
68.100.212.31,1
68.112.30.197,7
68.160.161.45,6
68.205.130.200,1
68.49.194.196,2
68.55.186.99,1
68.97.148.121,5
69.104.58.249,1
69.131.96.46,1
69.137.22.253,4
69.141.195.93,2
69.149.39.117,1
69.164.206.119,1
69.167.236.130,1
70.175.57.106,1
70.179.45.39,1
70.21.170.20,1
70.55.41.86,1
70.60.225.238,1
71.162.175.19,1
71.200.3.245,1
71.224.217.248,1
71.226.61.131,1
71.237.125.18,1
71.45.129.239,6
71.5.105.198,1
71.6.122.86,1
71.69.216.108,1
72.143.237.88,1
72.226.69.236,1
72.32.156.75,2
72.43.67.2,2
72.80.212.217,6
72.90.152.47,1
73.0.33.220,3
73.104.181.68,1
73.173.143.128,1
73.177.81.146,1
73.180.253.30,1
73.185.27.16,1
73.210.38.147,1
73.223.149.153,5
73.227.237.58,1
73.228.163.82,3
73.237.219.60,1
73.249.229.39,1
73.43.179.90,1
73.47.72.116,1
73.5.170.125,1
73.75.181.105,3
73.82.239.116,1
73.99.146.72,1
74.104.146.180,1
74.130.70.14,1
74.14.166.96,1
74.244.9.219,1
74.255.55.70,2
75.101.155.144,1
75.104.93.151,1
75.130.101.218,1
75.133.133.3,1
75.138.177.56,1
75.140.12.199,1
75.172.18.237,1
75.196.100.121,2
75.38.128.173,1
75.51.29.43,1
75.60.216.99,1
75.88.185.239,1
76.141.167.204,1
76.144.208.116,1
76.150.146.179,2
76.155.0.34,1
76.16.4.94,1
76.182.17.185,1
76.23.241.156,1
76.37.163.0,7
76.37.17.126,2
76.53.104.162,1
76.68.149.158,2
76.89.158.221,1
77.102.236.213,2
77.103.3.147,6
77.81.142.233,244
78.145.126.105,4
78.147.93.108,4
78.151.125.192,2
78.86.33.13,2
79.106.48.230,2
79.110.225.6,3
79.117.245.2,2
79.156.148.200,1
8.2.17.10,1
8.20.65.4,1
80.85.87.84,6
81.158.96.249,8
81.17.123.8,4
82.132.216.148,2
82.132.216.28,2
82.132.216.85,4
82.14.161.246,1
82.17.122.116,1
82.4.43.166,1
82.8.133.97,1
83.104.154.15,4
83.105.63.23,2
83.56.191.48,1
84.239.25.4,8
84.239.31.146,123
84.239.42.56,7
84.239.43.179,50
84.70.145.178,4
85.254.125.189,1
86.139.195.48,4
86.159.151.98,1
86.165.236.103,4
86.174.213.54,2
86.191.17.229,1
86.27.15.35,1
86.48.14.53,1
86.99.152.203,1
88.99.80.227,1
89.6.150.251,1
9.134.160.63,1
90.152.4.164,1
90.169.214.84,1
90.201.199.30,1
90.214.102.90,6
90.216.134.194,6
90.241.63.79,1
91.148.246.168,1
91.206.169.127,2
91.214.136.30,1
91.90.122.39,1
92.40.175.51,1
96.3.184.36,1
97.121.129.82,1
97.210.255.44,1
97.78.224.183,1
97.91.203.226,1
98.116.129.58,1
98.178.172.190,1
98.245.184.87,1
98.38.12.82,8
98.38.224.128,1
98.58.122.139,3
98.81.139.78,1
98.86.176.156,10
98.92.190.59,1
98.97.166.202,2
98.98.27.138,1
98.98.28.198,1
99.127.134.126,2
99.224.19.55,1
99.239.108.164,1
99.240.83.216,1
99.241.169.147,1
99.39.46.78,3
99.41.169.39,1
99.43.237.149,1
99.7.247.235,4
99.79.87.237,2
99.98.12.254,1

